agent	agent	13483	1	w	agent - Blad1
agency	agency	72	1	w	agent - Blad1
autonomous	autonomous	970	1	w	agent - Blad1
up to	up to	166	2	w	agent - Blad1
autonom*	autonomy	259	1	w	agent - Blad1
autonom*	autonomous	970	1	w	agent - Blad1
autonom*	autonomously	225	1	w	agent - Blad1
autonom*	semi-autonomous	2	1	w	agent - Blad1
autonom*	(semi-)autonomous	1	1	w	agent - Blad1
autonom*	non-autonomous	2	1	w	agent - Blad1
autonom*	semi-autonomy	1	1	w	agent - Blad1
autonom*	autonomic	10	1	w	agent - Blad1
autonom*	toautonomously	1	1	w	agent - Blad1
autonom*	human-autonomy	3	1	w	agent - Blad1
autonom*	full-autonomy	2	1	w	agent - Blad1
autonom*	autonomata	1	1	w	agent - Blad1
autonom*	self-autonomous	4	1	w	agent - Blad1
task environment	task environment	11	1	w	agent - Blad1
physical world	physical world	68	2	w	agent - Blad1
simula*	simulators	89	2	w	agent - Blad1
simula*	simulate	203	2	w	agent - Blad1
simula*	simulating	119	2	w	agent - Blad1
simula*	simulates	37	2	w	agent - Blad1
simula*	simulation	957	2	w	agent - Blad1
simula*	simulations	331	2	w	agent - Blad1
simula*	simulator	221	2	w	agent - Blad1
simula*	simulated	382	2	w	agent - Blad1
simula*	rescue-simulation	1	2	w	agent - Blad1
simula*	self-simulation	1	2	w	agent - Blad1
simula*	simulation-specific	1	2	w	agent - Blad1
simula*	llm-simulated	1	2	w	agent - Blad1
simula*	simulation-based	25	2	w	agent - Blad1
simula*	simulator-rendered	1	2	w	agent - Blad1
simula*	simulacra	7	2	w	agent - Blad1
simula*	re-simulating	1	2	w	agent - Blad1
simula*	simulation-related	1	2	w	agent - Blad1
simula*	co-simulation	1	2	w	agent - Blad1
simula*	simula	2	2	w	agent - Blad1
simula*	bisimulation-based	1	2	w	agent - Blad1
simula*	bisimulation	1	2	w	agent - Blad1
simula*	post-simulation	2	2	w	agent - Blad1
simula*	simulatable	1	2	w	agent - Blad1
simula*	self-simulated	1	2	w	agent - Blad1
simula*	simulation(s)	1	2	w	agent - Blad1
simula*	microsimulation	3	2	w	agent - Blad1
simula*	easily-simulated	1	2	w	agent - Blad1
dynam*	dynamics	842	2	w	agent - Blad1
dynam*	dynamic	715	2	w	agent - Blad1
dynam*	dynamically	221	2	w	agent - Blad1
dynam*	dynamical	48	2	w	agent - Blad1
dynam*	dynamicity	2	2	w	agent - Blad1
dynam*	thermodynamics	4	2	w	agent - Blad1
dynam*	aerodynamics	1	2	w	agent - Blad1
dynam*	dynamism	12	2	w	agent - Blad1
dynam*	dynamicallywith	1	2	w	agent - Blad1
dynam*	structural-dynamical	1	2	w	agent - Blad1
dynam*	thermodynamic	3	2	w	agent - Blad1
dynam*	dynamite	1	2	w	agent - Blad1
dynam*	dynamic-dqn	1	2	w	agent - Blad1
dynam*	dynamically-generated	1	2	w	agent - Blad1
dynam*	neurodynamical	2	2	w	agent - Blad1
dynam*	thermodynamically	1	2	w	agent - Blad1
dynam*	nonlinear-dynamics-based	1	2	w	agent - Blad1
dynam*	dynamics-model	1	2	w	agent - Blad1
dynam*	psychodynamic	2	2	w	agent - Blad1
dynam*	neural-dynamic	1	2	w	agent - Blad1
dynam*	neuro-dynamic	2	2	w	agent - Blad1
dynam*	dynamicaly	1	2	w	agent - Blad1
dynam*	dynamics-based	1	2	w	agent - Blad1
influenc* 	influenced by	44	2	w	agent - Blad1
influenc* 	influences the	16	2	w	agent - Blad1
influenc* 	influence of	68	2	w	agent - Blad1
influenc* 	influence cellular	1	2	w	agent - Blad1
influenc* 	influence their	4	2	w	agent - Blad1
influenc* 	influence on	25	2	w	agent - Blad1
influenc* 	influence future	1	2	w	agent - Blad1
influenc* 	influencing training	1	2	w	agent - Blad1
influenc* 	influences from	1	2	w	agent - Blad1
influenc* 	influence ,	5	2	w	agent - Blad1
influenc* 	influencing sample	1	2	w	agent - Blad1
influenc* 	influence others	2	2	w	agent - Blad1
influenc* 	influence each	5	2	w	agent - Blad1
influenc* 	influences of	1	2	w	agent - Blad1
influenc* 	influence the	53	2	w	agent - Blad1
influenc* 	influencing educational	1	2	w	agent - Blad1
influenc* 	influences both	2	2	w	agent - Blad1
influenc* 	influence performance	1	2	w	agent - Blad1
influenc* 	influence .	9	2	w	agent - Blad1
influenc* 	influences map	1	2	w	agent - Blad1
influenc* 	influences navigation	1	2	w	agent - Blad1
influenc* 	influence adjoining	1	2	w	agent - Blad1
influenc* 	influence decision-making	1	2	w	agent - Blad1
influenc* 	influence reward	1	2	w	agent - Blad1
influenc* 	influence this	1	2	w	agent - Blad1
influenc* 	influences how	2	2	w	agent - Blad1
influenc* 	influence long-term	1	2	w	agent - Blad1
influenc* 	influencing other	9	2	w	agent - Blad1
influenc* 	influencing how	3	2	w	agent - Blad1
influenc* 	influences other	1	2	w	agent - Blad1
influenc* 	influence one	2	2	w	agent - Blad1
influenc* 	influencing such	1	2	w	agent - Blad1
influenc* 	influence and	3	2	w	agent - Blad1
influenc* 	influence perception	1	2	w	agent - Blad1
influenc* 	influencing their	3	2	w	agent - Blad1
influenc* 	influence training	1	2	w	agent - Blad1
influenc* 	influence temporal	1	2	w	agent - Blad1
influenc* 	influences *	1	2	w	agent - Blad1
influenc* 	influence its	4	2	w	agent - Blad1
influenc* 	influences operator	1	2	w	agent - Blad1
influenc* 	influence behavior	1	2	w	agent - Blad1
influenc* 	influenced the	4	2	w	agent - Blad1
influenc* 	influence human	3	2	w	agent - Blad1
influenc* 	influenced either	1	2	w	agent - Blad1
influenc* 	influence flows	1	2	w	agent - Blad1
influenc* 	influence agents	1	2	w	agent - Blad1
influenc* 	influence (	3	2	w	agent - Blad1
influenc* 	influence or	2	2	w	agent - Blad1
influenc* 	influence both	1	2	w	agent - Blad1
influenc* 	influencing the	14	2	w	agent - Blad1
influenc* 	influences sensations	1	2	w	agent - Blad1
influenc* 	influence internal	1	2	w	agent - Blad1
influenc* 	influences policy-gradient	1	2	w	agent - Blad1
influenc* 	influence that	1	2	w	agent - Blad1
influenc* 	influencing reinforcement	1	2	w	agent - Blad1
influenc* 	influencing ai	1	2	w	agent - Blad1
influenc* 	influence in	2	2	w	agent - Blad1
influenc* 	influence over	1	2	w	agent - Blad1
influenc* 	influence via	1	2	w	agent - Blad1
influenc* 	influence memory	1	2	w	agent - Blad1
influenc* 	influencing factors	1	2	w	agent - Blad1
influenc* 	influences performance	1	2	w	agent - Blad1
influenc* 	influence to	1	2	w	agent - Blad1
influenc* 	influence auditory	1	2	w	agent - Blad1
influenc* 	influence other	1	2	w	agent - Blad1
influenc* 	influences actions	2	2	w	agent - Blad1
influenc* 	influence processing	1	2	w	agent - Blad1
influenc* 	influences converge	1	2	w	agent - Blad1
influenc* 	influencing action	1	2	w	agent - Blad1
influenc* 	influencer economy	1	2	w	agent - Blad1
influenc* 	influence from	1	2	w	agent - Blad1
influenc* 	influence per	1	2	w	agent - Blad1
influenc* 	influences -	1	2	w	agent - Blad1
influenc* 	influencing one	1	2	w	agent - Blad1
influenc* 	influences bilp	1	2	w	agent - Blad1
influenc* 	influence [	1	2	w	agent - Blad1
influenc* 	influence is	2	2	w	agent - Blad1
influenc* 	influence *	4	2	w	agent - Blad1
influenc* 	influence translates	1	2	w	agent - Blad1
influenc* 	influencing will	1	2	w	agent - Blad1
influenc* 	influencing communication	1	2	w	agent - Blad1
influenc* 	influencing it	1	2	w	agent - Blad1
influenc* 	influencing its	1	2	w	agent - Blad1
influenc* 	influence for	1	2	w	agent - Blad1
influenc* 	influencing policymakers	1	2	w	agent - Blad1
influenc* 	influence how	3	2	w	agent - Blad1
influenc* 	influenced to	1	2	w	agent - Blad1
influenc* 	influence people	1	2	w	agent - Blad1
influenc* 	influenced solely	1	2	w	agent - Blad1
influenc* 	influences .	1	2	w	agent - Blad1
influenc* 	influence induced	1	2	w	agent - Blad1
influenc* 	influence were	1	2	w	agent - Blad1
influenc* 	influencers (	1	2	w	agent - Blad1
influenc* 	influencers who	1	2	w	agent - Blad1
influenc* 	influencer displayed	1	2	w	agent - Blad1
influenc* 	influence decision	1	2	w	agent - Blad1
influenc* 	influence emotion	1	2	w	agent - Blad1
influenc* 	influence-based abstraction	4	2	w	agent - Blad1
influenc* 	influence-aware memory	4	2	w	agent - Blad1
influenc* 	influences what	1	2	w	agent - Blad1
influenc* 	influence what	1	2	w	agent - Blad1
influenc* 	influence social	1	2	w	agent - Blad1
influenc* 	influence successful	1	2	w	agent - Blad1
influenc* 	influenced a	1	2	w	agent - Blad1
influenc* 	influence between	2	2	w	agent - Blad1
influenc* 	influence overall	1	2	w	agent - Blad1
influenc* 	influences overall	1	2	w	agent - Blad1
influenc* 	influenced its	1	2	w	agent - Blad1
influenc* 	influence diagrams	1	2	w	agent - Blad1
influenc* 	influences preference	1	2	w	agent - Blad1
influenc* 	influenced movement	1	2	w	agent - Blad1
influenc* 	influences and	2	2	w	agent - Blad1
influenc* 	influences ,	2	2	w	agent - Blad1
influenc* 	influences on	1	2	w	agent - Blad1
influenc* 	influence factors	1	2	w	agent - Blad1
influenc* 	influence :	1	2	w	agent - Blad1
influenc* 	influence within	1	2	w	agent - Blad1
influenc* 	influence evolution	1	2	w	agent - Blad1
influenc* 	influences learning	1	2	w	agent - Blad1
influenc* 	influence sensations	1	2	w	agent - Blad1
influenc* 	influencing subsequent	1	2	w	agent - Blad1
act*	interact	480	1	w	agent - Blad1
act*	abstraction	158	1	w	agent - Blad1
act*	action	4886	1	w	agent - Blad1
act*	actions	3697	1	w	agent - Blad1
act*	active	283	1	w	agent - Blad1
act*	interactions	928	1	w	agent - Blad1
act*	interaction	1178	1	w	agent - Blad1
act*	interacting	231	1	w	agent - Blad1
act*	actor	298	1	w	agent - Blad1
act*	acts	145	1	w	agent - Blad1
act*	extract	231	1	w	agent - Blad1
act*	proactive	17	1	w	agent - Blad1
act*	abstract	172	1	w	agent - Blad1
act*	act	293	1	w	agent - Blad1
act*	fact	331	1	w	agent - Blad1
act*	latent-action	1	1	w	agent - Blad1
act*	actuated	6	1	w	agent - Blad1
act*	interacts	122	1	w	agent - Blad1
act*	actuators	86	1	w	agent - Blad1
act*	acting	157	1	w	agent - Blad1
act*	characteristic	50	1	w	agent - Blad1
act*	compact	56	1	w	agent - Blad1
act*	state-actions	2	1	w	agent - Blad1
act*	hydraulically-actuated	1	1	w	agent - Blad1
act*	factors	173	1	w	agent - Blad1
act*	actual	176	1	w	agent - Blad1
act*	actuation	14	1	w	agent - Blad1
act*	practical	233	1	w	agent - Blad1
act*	counter-act	1	1	w	agent - Blad1
act*	interacted	24	1	w	agent - Blad1
act*	state-action	166	1	w	agent - Blad1
act*	action-specific	1	1	w	agent - Blad1
act*	satisfaction	46	1	w	agent - Blad1
act*	characterize	51	1	w	agent - Blad1
act*	factor	323	1	w	agent - Blad1
act*	extracted	105	1	w	agent - Blad1
act*	activation	129	1	w	agent - Blad1
act*	mini-factory	1	1	w	agent - Blad1
act*	contact	61	1	w	agent - Blad1
act*	impact	348	1	w	agent - Blad1
act*	dissatisfaction	11	1	w	agent - Blad1
act*	exactly	82	1	w	agent - Blad1
act*	bacteria	7	1	w	agent - Blad1
act*	chemotactic	5	1	w	agent - Blad1
act*	f-actin	1	1	w	agent - Blad1
act*	actively	89	1	w	agent - Blad1
act*	retraction	5	1	w	agent - Blad1
act*	characteristics	168	1	w	agent - Blad1
act*	chemoattractant	10	1	w	agent - Blad1
act*	activating	24	1	w	agent - Blad1
act*	activated	75	1	w	agent - Blad1
act*	reaction-diffusion	1	1	w	agent - Blad1
act*	actually	143	1	w	agent - Blad1
act*	contacts	4	1	w	agent - Blad1
act*	extension-retraction	1	1	w	agent - Blad1
act*	exact	94	1	w	agent - Blad1
act*	characterizing	24	1	w	agent - Blad1
act*	activations	43	1	w	agent - Blad1
act*	intractable	29	1	w	agent - Blad1
act*	activity	208	1	w	agent - Blad1
act*	attractor	28	1	w	agent - Blad1
act*	interactive	387	1	w	agent - Blad1
act*	acted	7	1	w	agent - Blad1
act*	counterfactual	14	1	w	agent - Blad1
act*	satisfactory	29	1	w	agent - Blad1
act*	character	86	1	w	agent - Blad1
act*	detracts	3	1	w	agent - Blad1
act*	impacting	15	1	w	agent - Blad1
act*	unsatisfactory	6	1	w	agent - Blad1
act*	impacts	64	1	w	agent - Blad1
act*	llm-extracted	1	1	w	agent - Blad1
act*	factorial	4	1	w	agent - Blad1
act*	fraction	44	1	w	agent - Blad1
act*	discrete-action	20	1	w	agent - Blad1
act*	practice	197	1	w	agent - Blad1
act*	actor-critic	215	1	w	agent - Blad1
act*	rarefaction	3	1	w	agent - Blad1
act*	reactively	1	1	w	agent - Blad1
act*	extracting	78	1	w	agent - Blad1
act*	reactive	77	1	w	agent - Blad1
act*	extracts	34	1	w	agent - Blad1
act*	action-state	11	1	w	agent - Blad1
act*	graph-rarefaction	1	1	w	agent - Blad1
act*	reactivity	10	1	w	agent - Blad1
act*	activities	159	1	w	agent - Blad1
act*	[int]eractive	1	1	w	agent - Blad1
act*	characterized	89	1	w	agent - Blad1
act*	facts	52	1	w	agent - Blad1
act*	transaction	4	1	w	agent - Blad1
act*	nextpriceimpact	3	1	w	agent - Blad1
act*	practitioners	15	1	w	agent - Blad1
act*	extract_method	1	1	w	agent - Blad1
act*	extract_tests	1	1	w	agent - Blad1
act*	syntactic	34	1	w	agent - Blad1
act*	syntactically	7	1	w	agent - Blad1
act*	activate	50	1	w	agent - Blad1
act*	cactus	52	1	w	agent - Blad1
act*	react	251	1	w	agent - Blad1
act*	practices	36	1	w	agent - Blad1
act*	structure-activity	1	1	w	agent - Blad1
act*	noncontractible	4	1	w	agent - Blad1
act*	manufacturing	34	1	w	agent - Blad1
act*	practicality	19	1	w	agent - Blad1
act*	impractical	39	1	w	agent - Blad1
act*	actors	80	1	w	agent - Blad1
act*	practically	36	1	w	agent - Blad1
act*	bacterial	2	1	w	agent - Blad1
act*	attractive	19	1	w	agent - Blad1
act*	olfaction	4	1	w	agent - Blad1
act*	olfactory	48	1	w	agent - Blad1
act*	activates	25	1	w	agent - Blad1
act*	characterization	21	1	w	agent - Blad1
act*	enact	9	1	w	agent - Blad1
act*	chemo-tactile	1	1	w	agent - Blad1
act*	reaction	38	1	w	agent - Blad1
act*	attracted	17	1	w	agent - Blad1
act*	tractable	23	1	w	agent - Blad1
act*	action-level	22	1	w	agent - Blad1
act*	abstracted	22	1	w	agent - Blad1
act*	exact-match	1	1	w	agent - Blad1
act*	vision-language-acting	1	1	w	agent - Blad1
act*	vision-language-action	2	1	w	agent - Blad1
act*	factored	9	1	w	agent - Blad1
act*	actre	14	1	w	agent - Blad1
act*	react-style	12	1	w	agent - Blad1
act*	act-then-reason	1	1	w	agent - Blad1
act*	reason-then-act	2	1	w	agent - Blad1
act*	actre-prompted	1	1	w	agent - Blad1
act*	characterizes	12	1	w	agent - Blad1
act*	compactly	3	1	w	agent - Blad1
act*	retroactively	6	1	w	agent - Blad1
act*	abstracting	13	1	w	agent - Blad1
act*	characterised	5	1	w	agent - Blad1
act*	characterising	1	1	w	agent - Blad1
act*	action-space	4	1	w	agent - Blad1
act*	action-value	74	1	w	agent - Blad1
act*	mm-react	4	1	w	agent - Blad1
act*	react_template	1	1	w	agent - Blad1
act*	satisfactions	1	1	w	agent - Blad1
act*	attract	4	1	w	agent - Blad1
act*	reactiveness	4	1	w	agent - Blad1
act*	actuate	4	1	w	agent - Blad1
act*	factory	25	1	w	agent - Blad1
act*	pro-activity	1	1	w	agent - Blad1
act*	factor-related	1	1	w	agent - Blad1
act*	deactivate	5	1	w	agent - Blad1
act*	reacts	9	1	w	agent - Blad1
act*	proactivity	1	1	w	agent - Blad1
act*	artefacts	4	1	w	agent - Blad1
act*	abstractions	29	1	w	agent - Blad1
act*	artefact	5	1	w	agent - Blad1
act*	abstractly	9	1	w	agent - Blad1
act*	abstractive	2	1	w	agent - Blad1
act*	factual	25	1	w	agent - Blad1
act*	abstracts	12	1	w	agent - Blad1
act*	distraction	13	1	w	agent - Blad1
act*	characters	71	1	w	agent - Blad1
act*	actualize	4	1	w	agent - Blad1
act*	macro-actions	8	1	w	agent - Blad1
act*	practises	1	1	w	agent - Blad1
act*	manufacturers	3	1	w	agent - Blad1
act*	characterizations	3	1	w	agent - Blad1
act*	protracted	3	1	w	agent - Blad1
act*	fractal	1	1	w	agent - Blad1
act*	actions-observations	1	1	w	agent - Blad1
act*	observation-action	10	1	w	agent - Blad1
act*	learnact	30	1	w	agent - Blad1
act*	action-learning	1	1	w	agent - Blad1
act*	actioncreation	1	1	w	agent - Blad1
act*	actionlearn	4	1	w	agent - Blad1
act*	action-policy	1	1	w	agent - Blad1
act*	act+reflexion	1	1	w	agent - Blad1
act*	react+reflexion	2	1	w	agent - Blad1
act*	open-action	1	1	w	agent - Blad1
act*	attracting	7	1	w	agent - Blad1
act*	image-text-action	1	1	w	agent - Blad1
act*	extraction	78	1	w	agent - Blad1
act*	actionalue	1	1	w	agent - Blad1
act*	tactics	46	1	w	agent - Blad1
act*	active-prompt	2	1	w	agent - Blad1
act*	factually	5	1	w	agent - Blad1
act*	interactionswithin	1	1	w	agent - Blad1
act*	interactivesandbox	1	1	w	agent - Blad1
act*	theirinteractions	1	1	w	agent - Blad1
act*	planactions	1	1	w	agent - Blad1
act*	withpractical	1	1	w	agent - Blad1
act*	codeaction	2	1	w	agent - Blad1
act*	satisfactoryperformance	1	1	w	agent - Blad1
act*	code-action	2	1	w	agent - Blad1
act*	interactionfor	1	1	w	agent - Blad1
act*	justreactive	1	1	w	agent - Blad1
act*	actionable	48	1	w	agent - Blad1
act*	low-levelactionable	1	1	w	agent - Blad1
act*	thatabstracts	1	1	w	agent - Blad1
act*	practicallyapplicable	1	1	w	agent - Blad1
act*	subsequentactions	1	1	w	agent - Blad1
act*	practi	1	1	w	agent - Blad1
act*	intelligentinteractions	1	1	w	agent - Blad1
act*	actwithin	1	1	w	agent - Blad1
act*	character-level	3	1	w	agent - Blad1
act*	inactivated	2	1	w	agent - Blad1
act*	act-r	10	1	w	agent - Blad1
act*	actor-network	13	1	w	agent - Blad1
act*	reactive-reactive	1	1	w	agent - Blad1
act*	reactance	1	1	w	agent - Blad1
act*	misactors	1	1	w	agent - Blad1
act*	actuator	63	1	w	agent - Blad1
act*	per-actuator	1	1	w	agent - Blad1
act*	contracting	1	1	w	agent - Blad1
act*	impact-based	6	1	w	agent - Blad1
act*	impact-driven	3	1	w	agent - Blad1
act*	soft-actor	3	1	w	agent - Blad1
act*	conductor-action	1	1	w	agent - Blad1
act*	deactivates	2	1	w	agent - Blad1
act*	contacting	1	1	w	agent - Blad1
act*	sc-interaction	5	1	w	agent - Blad1
act*	sa-interaction	5	1	w	agent - Blad1
act*	artifacts	15	1	w	agent - Blad1
act*	learning-from-interaction	1	1	w	agent - Blad1
act*	inactive	11	1	w	agent - Blad1
act*	pro-activeness	5	1	w	agent - Blad1
act*	attracts	4	1	w	agent - Blad1
act*	subtraction	4	1	w	agent - Blad1
act*	attractors	15	1	w	agent - Blad1
act*	action-labeled	1	1	w	agent - Blad1
act*	manufacturer	1	1	w	agent - Blad1
act*	planner-actor-reporter	1	1	w	agent - Blad1
act*	actor(s)	1	1	w	agent - Blad1
act*	omniact	1	1	w	agent - Blad1
act*	seeact	14	1	w	agent - Blad1
act*	seeactchoice	1	1	w	agent - Blad1
act*	non-interactable	1	1	w	agent - Blad1
act*	exacted	1	1	w	agent - Blad1
act*	deactivating	1	1	w	agent - Blad1
act*	extractor	30	1	w	agent - Blad1
act*	intact	8	1	w	agent - Blad1
act*	intergalactic	1	1	w	agent - Blad1
act*	distractor	29	1	w	agent - Blad1
act*	characterisation	1	1	w	agent - Blad1
act*	characterise	1	1	w	agent - Blad1
act*	feature-extractor	1	1	w	agent - Blad1
act*	soft-actor-critic	1	1	w	agent - Blad1
act*	distractors	24	1	w	agent - Blad1
act*	syntactical	5	1	w	agent - Blad1
act*	counteract	8	1	w	agent - Blad1
act*	non-interactive	3	1	w	agent - Blad1
act*	subaction	1	1	w	agent - Blad1
act*	intractability	3	1	w	agent - Blad1
act*	reactions	56	1	w	agent - Blad1
act*	deactivated	2	1	w	agent - Blad1
act*	interactively	14	1	w	agent - Blad1
act*	exact-word	3	1	w	agent - Blad1
act*	tactic-level	3	1	w	agent - Blad1
act*	machines(actor)	1	1	w	agent - Blad1
act*	post-action	4	1	w	agent - Blad1
act*	exact_match	1	1	w	agent - Blad1
act*	plan+act	1	1	w	agent - Blad1
act*	proactively	13	1	w	agent - Blad1
act*	perception-prediction-reaction	3	1	w	agent - Blad1
act*	perception-reaction	3	1	w	agent - Blad1
act*	memory-interaction	1	1	w	agent - Blad1
act*	action-repeat	1	1	w	agent - Blad1
act*	interactional	1	1	w	agent - Blad1
act*	impacted	14	1	w	agent - Blad1
act*	sense-plan-act	2	1	w	agent - Blad1
act*	percept-action	20	1	w	agent - Blad1
act*	schacter	1	1	w	agent - Blad1
act*	condition-action	1	1	w	agent - Blad1
act*	fact-based	14	1	w	agent - Blad1
act*	factual-based	1	1	w	agent - Blad1
act*	factuality	6	1	w	agent - Blad1
act*	reactivate	1	1	w	agent - Blad1
act*	retracted	1	1	w	agent - Blad1
act*	retract	6	1	w	agent - Blad1
act*	retracting	1	1	w	agent - Blad1
act*	retractions	2	1	w	agent - Blad1
act*	retracts	1	1	w	agent - Blad1
act*	sample-factory	1	1	w	agent - Blad1
act*	best-practices	1	1	w	agent - Blad1
act*	factorized	7	1	w	agent - Blad1
act*	non-acting	1	1	w	agent - Blad1
act*	counterfactuals	4	1	w	agent - Blad1
act*	practiced	1	1	w	agent - Blad1
act*	state-action-reward-next	1	1	w	agent - Blad1
act*	state-action-reward-state-action	2	1	w	agent - Blad1
act*	interactivity	7	1	w	agent - Blad1
act*	factories	3	1	w	agent - Blad1
act*	fact-checking	2	1	w	agent - Blad1
act*	inaction	1	1	w	agent - Blad1
act*	two-action	2	1	w	agent - Blad1
act*	actorcritic	1	1	w	agent - Blad1
act*	random-action	3	1	w	agent - Blad1
act*	well-characterized	1	1	w	agent - Blad1
act*	contractors	1	1	w	agent - Blad1
act*	unactuated	2	1	w	agent - Blad1
act*	factorization	17	1	w	agent - Blad1
act*	after-action	3	1	w	agent - Blad1
act*	tactical	19	1	w	agent - Blad1
act*	tactic	17	1	w	agent - Blad1
act*	action-request	1	1	w	agent - Blad1
act*	manufactured	1	1	w	agent - Blad1
act*	action-observation	21	1	w	agent - Blad1
act*	reactivation	1	1	w	agent - Blad1
act*	tractability	2	1	w	agent - Blad1
act*	action-selection	3	1	w	agent - Blad1
act*	tractably	2	1	w	agent - Blad1
act*	fact-free	1	1	w	agent - Blad1
act*	entropyactions	3	1	w	agent - Blad1
act*	factorizes	2	1	w	agent - Blad1
act*	action-planning	1	1	w	agent - Blad1
act*	distracting	13	1	w	agent - Blad1
act*	action-spaces	1	1	w	agent - Blad1
act*	easy-of-manufacturing	1	1	w	agent - Blad1
act*	unpractical	1	1	w	agent - Blad1
act*	thought-action-observation	5	1	w	agent - Blad1
act*	fireact	9	1	w	agent - Blad1
act*	action-related	2	1	w	agent - Blad1
act*	perceive-decide-act	2	1	w	agent - Blad1
act*	impactful	8	1	w	agent - Blad1
act*	subtracting	5	1	w	agent - Blad1
act*	inactivity	1	1	w	agent - Blad1
act*	perceive-plan-act	1	1	w	agent - Blad1
act*	distract	5	1	w	agent - Blad1
act*	reacting	10	1	w	agent - Blad1
act*	joint-action	5	1	w	agent - Blad1
act*	distracted	7	1	w	agent - Blad1
act*	detracting	1	1	w	agent - Blad1
act*	action-ranking	1	1	w	agent - Blad1
act*	contact-invariant	1	1	w	agent - Blad1
act*	actor-critic-based	4	1	w	agent - Blad1
act*	perceptual-action	1	1	w	agent - Blad1
act*	multi-actor	1	1	w	agent - Blad1
act*	traction	5	1	w	agent - Blad1
act*	macro-action	1	1	w	agent - Blad1
act*	(de)activate	1	1	w	agent - Blad1
act*	activate(object)	1	1	w	agent - Blad1
act*	deactivate(object)	1	1	w	agent - Blad1
act*	deactivation	1	1	w	agent - Blad1
act*	chirl-nostateabstraction	3	1	w	agent - Blad1
act*	fact-qa	2	1	w	agent - Blad1
act*	fact-qas	1	1	w	agent - Blad1
act*	intractible	1	1	w	agent - Blad1
act*	action-sequences	1	1	w	agent - Blad1
act*	contact-rich	21	1	w	agent - Blad1
act*	contactrich	2	1	w	agent - Blad1
act*	transactions	6	1	w	agent - Blad1
act*	fractions	1	1	w	agent - Blad1
act*	fractionability	1	1	w	agent - Blad1
act*	self-manufacture	8	1	w	agent - Blad1
act*	self-manufactures	1	1	w	agent - Blad1
act*	self-manufacturing	4	1	w	agent - Blad1
act*	actualized	2	1	w	agent - Blad1
act*	bacterium	2	1	w	agent - Blad1
act*	machine-artifacts	1	1	w	agent - Blad1
act*	action-based	1	1	w	agent - Blad1
act*	multi-actor-attention-critic	1	1	w	agent - Blad1
act*	g-factor	1	1	w	agent - Blad1
act*	action-choosing	1	1	w	agent - Blad1
act*	internal-action	1	1	w	agent - Blad1
act*	re-activate	1	1	w	agent - Blad1
act*	action-states	1	1	w	agent - Blad1
act*	perception-to-action	1	1	w	agent - Blad1
act*	enacting	3	1	w	agent - Blad1
act*	self-activating	9	1	w	agent - Blad1
act*	self-activation	2	1	w	agent - Blad1
act*	factorizing	1	1	w	agent - Blad1
act*	exploration-actions	1	1	w	agent - Blad1
act*	exploreact	1	1	w	agent - Blad1
act*	contract	8	1	w	agent - Blad1
act*	contracts	4	1	w	agent - Blad1
act*	action-distributions	1	1	w	agent - Blad1
act*	action-targets	1	1	w	agent - Blad1
act*	action-probabilities	3	1	w	agent - Blad1
act*	action-logits	1	1	w	agent - Blad1
act*	factorize	1	1	w	agent - Blad1
act*	manufactures	1	1	w	agent - Blad1
act*	compactness	5	1	w	agent - Blad1
act*	action(s)	2	1	w	agent - Blad1
act*	action-execution	2	1	w	agent - Blad1
act*	before-action	1	1	w	agent - Blad1
act*	factions	1	1	w	agent - Blad1
act*	actor-league-learner	1	1	w	agent - Blad1
act*	satisfactorily	3	1	w	agent - Blad1
act*	practicable	1	1	w	agent - Blad1
act*	reactivated	1	1	w	agent - Blad1
act*	meta-actions	1	1	w	agent - Blad1
act*	actuating	1	1	w	agent - Blad1
act*	action-adventure	3	1	w	agent - Blad1
act*	multireact	1	1	w	agent - Blad1
act*	redact	1	1	w	agent - Blad1
act*	extractive	4	1	w	agent - Blad1
act*	galactica	1	1	w	agent - Blad1
act*	actualised	1	1	w	agent - Blad1
act*	substracted	1	1	w	agent - Blad1
act*	factoring	2	1	w	agent - Blad1
act*	faction	1	1	w	agent - Blad1
act*	artifact	3	1	w	agent - Blad1
act*	micro-action	1	1	w	agent - Blad1
act*	s_actuator	1	1	w	agent - Blad1
act*	action-values	2	1	w	agent - Blad1
act*	refactoring	1	1	w	agent - Blad1
act*	actor-critc	1	1	w	agent - Blad1
act*	subtracted	2	1	w	agent - Blad1
act*	observation-action-reward	2	1	w	agent - Blad1
act*	observation-action-policy	1	1	w	agent - Blad1
act*	sor-react	17	1	w	agent - Blad1
act*	actuates	1	1	w	agent - Blad1
act*	subtractive	2	1	w	agent - Blad1
act*	actuator-driven	1	1	w	agent - Blad1
act*	return-observation-action	1	1	w	agent - Blad1
act*	interaction-based	1	1	w	agent - Blad1
act*	infractions	1	1	w	agent - Blad1
act*	facto	3	1	w	agent - Blad1
act*	enacts	2	1	w	agent - Blad1
act*	rich-contact	1	1	w	agent - Blad1
act*	tactile	26	1	w	agent - Blad1
act*	peract	2	1	w	agent - Blad1
act*	non-reactive	2	1	w	agent - Blad1
act*	stateaction	1	1	w	agent - Blad1
act*	breaking-factor	1	1	w	agent - Blad1
act*	subtract	4	1	w	agent - Blad1
act*	hyper-actor	8	1	w	agent - Blad1
act*	actor-mimic	1	1	w	agent - Blad1
act*	hyper-actor-module	8	1	w	agent - Blad1
act*	hyper-actor-task	5	1	w	agent - Blad1
act*	meta-action	1	1	w	agent - Blad1
act*	mindact	10	1	w	agent - Blad1
act*	impractically	1	1	w	agent - Blad1
act*	action-noise	1	1	w	agent - Blad1
act*	enacted	10	1	w	agent - Blad1
act*	practitioner	1	1	w	agent - Blad1
act*	contact-free	5	1	w	agent - Blad1
act*	contact-points	1	1	w	agent - Blad1
act*	language-action	1	1	w	agent - Blad1
act*	states-action	1	1	w	agent - Blad1
act*	interactable	9	1	w	agent - Blad1
act*	activitydiary	1	1	w	agent - Blad1
act*	actor-only	1	1	w	agent - Blad1
act*	extractors	5	1	w	agent - Blad1
act*	state-to-action	3	1	w	agent - Blad1
act*	reactionary	1	1	w	agent - Blad1
act*	attractions	7	1	w	agent - Blad1
act*	action-sense-learn	1	1	w	agent - Blad1
act*	attractor-based	2	1	w	agent - Blad1
act*	condition-of-satisfaction	1	1	w	agent - Blad1
act*	substraction	1	1	w	agent - Blad1
act*	practicing	3	1	w	agent - Blad1
act*	contacted	2	1	w	agent - Blad1
act*	contraction	1	1	w	agent - Blad1
act*	continuous-action	7	1	w	agent - Blad1
act*	visual-tactile	1	1	w	agent - Blad1
act*	interaction-language	1	1	w	agent - Blad1
act*	difftactile	2	1	w	agent - Blad1
act*	impact_sound	1	1	w	agent - Blad1
act*	interactionbased	1	1	w	agent - Blad1
act*	interactibility	1	1	w	agent - Blad1
act*	action-wise	1	1	w	agent - Blad1
act*	activityprograms	5	1	w	agent - Blad1
act*	explore-and-act	5	1	w	agent - Blad1
act*	pre-extract	1	1	w	agent - Blad1
act*	exploration-and-act	1	1	w	agent - Blad1
act*	action-stimulus	1	1	w	agent - Blad1
act*	counter-factual	6	1	w	agent - Blad1
act*	action-conditional	1	1	w	agent - Blad1
act*	option-action	3	1	w	agent - Blad1
act*	action-oriented	1	1	w	agent - Blad1
act*	enactive	45	1	w	agent - Blad1
act*	autoact	7	1	w	agent - Blad1
act*	nonactionable	1	1	w	agent - Blad1
act*	action-conditioned	5	1	w	agent - Blad1
act*	environment-interaction	1	1	w	agent - Blad1
act*	action-set	2	1	w	agent - Blad1
act*	interactants	1	1	w	agent - Blad1
act*	action-clip	3	1	w	agent - Blad1
act*	action-clips	4	1	w	agent - Blad1
act*	input-actions	1	1	w	agent - Blad1
act*	input-action	1	1	w	agent - Blad1
act*	action-filtering	1	1	w	agent - Blad1
act*	action-advantage	1	1	w	agent - Blad1
act*	state-abstraction	1	1	w	agent - Blad1
act*	min-dact	1	1	w	agent - Blad1
act*	extractentity	1	1	w	agent - Blad1
act*	extractrelation	1	1	w	agent - Blad1
act*	humaninteraction	1	1	w	agent - Blad1
act*	three-factor	6	1	w	agent - Blad1
act*	two-factor	2	1	w	agent - Blad1
act*	fractional	1	1	w	agent - Blad1
act*	chain-of-action	8	1	w	agent - Blad1
act*	screen-action	1	1	w	agent - Blad1
act*	act-only	4	1	w	agent - Blad1
act*	react+scratchpad	2	1	w	agent - Blad1
act*	react+examples	1	1	w	agent - Blad1
act*	attractiveness	1	1	w	agent - Blad1
act*	action-plannings	1	1	w	agent - Blad1
act*	practically-relevant	1	1	w	agent - Blad1
act*	over-attracted	1	1	w	agent - Blad1
act*	attractor-map	1	1	w	agent - Blad1
act*	attraction	1	1	w	agent - Blad1
act*	cubic-activation-weighted	1	1	w	agent - Blad1
act*	underactuated	2	1	w	agent - Blad1
act*	action-measurements	1	1	w	agent - Blad1
act*	factorisation	1	1	w	agent - Blad1
act*	perception-action	3	1	w	agent - Blad1
act*	tract	2	1	w	agent - Blad1
act*	toolllama-react	1	1	w	agent - Blad1
act*	chatgpt-react	2	1	w	agent - Blad1
act*	enactivism	1	1	w	agent - Blad1
act*	pre-interaction	4	1	w	agent - Blad1
act*	post-interaction	3	1	w	agent - Blad1
act*	enaction	3	1	w	agent - Blad1
act*	enactions	3	1	w	agent - Blad1
act*	intractably	1	1	w	agent - Blad1
act*	practise	1	1	w	agent - Blad1
act*	sub-actions	18	1	w	agent - Blad1
act*	sub-action	5	1	w	agent - Blad1
act*	intra-action	1	1	w	agent - Blad1
act*	inter-action	1	1	w	agent - Blad1
act*	distractions	1	1	w	agent - Blad1
act*	redaction	1	1	w	agent - Blad1
act*	reacted	1	1	w	agent - Blad1
act*	interaction-aware	1	1	w	agent - Blad1
act*	actionprogwiden	1	1	w	agent - Blad1
act*	counter-actions	1	1	w	agent - Blad1
act*	counter-action	1	1	w	agent - Blad1
act*	didactic	5	1	w	agent - Blad1
act*	state-action-state	1	1	w	agent - Blad1
act*	take-first-action	1	1	w	agent - Blad1
act*	take-all-actions	1	1	w	agent - Blad1
act*	pixels-to-actions	2	1	w	agent - Blad1
act*	interaction-over-union	1	1	w	agent - Blad1
act*	compaction	1	1	w	agent - Blad1
act*	compacted	1	1	w	agent - Blad1
act*	state-action-reward	1	1	w	agent - Blad1
act*	sense-act	1	1	w	agent - Blad1
act*	next-action	1	1	w	agent - Blad1
act*	action-to-effect	2	1	w	agent - Blad1
act*	non-actuated	1	1	w	agent - Blad1
act*	low-impact	2	1	w	agent - Blad1
act*	subtracts	1	1	w	agent - Blad1
act*	step(action)	1	1	w	agent - Blad1
act*	practioners	1	1	w	agent - Blad1
act*	react+jsonregen+llm	1	1	w	agent - Blad1
act*	planact	8	1	w	agent - Blad1
act*	planreact	6	1	w	agent - Blad1
act*	action-descriptions	2	1	w	agent - Blad1
act*	activable	1	1	w	agent - Blad1
act*	eorl-actv	2	1	w	agent - Blad1
act*	actv	1	1	w	agent - Blad1
act*	action-reward	1	1	w	agent - Blad1
action	action	4886	1	w	agent - Blad1
acting	acting	157	1	w	agent - Blad1
do	do	1030	2	w	agent - Blad1
up to	up to	166	2	w	agent - Blad1
purpos*	purpose	163	1	w	agent - Blad1
purpos*	general-purpose	86	1	w	agent - Blad1
purpos*	purposes	92	1	w	agent - Blad1
purpos*	special-purpose	8	1	w	agent - Blad1
purpos*	re-purposed	2	1	w	agent - Blad1
purpos*	purposive	19	1	w	agent - Blad1
purpos*	purposeful	5	1	w	agent - Blad1
purpos*	purposefulness	3	1	w	agent - Blad1
purpos*	repurpose	3	1	w	agent - Blad1
purpos*	purposefully	3	1	w	agent - Blad1
purpos*	multi-purpose	1	1	w	agent - Blad1
purpos*	re-purpose	1	1	w	agent - Blad1
purpos*	broad-purpose	1	1	w	agent - Blad1
purpos*	general-purposes	1	1	w	agent - Blad1
purpos*	purpose-driven	1	1	w	agent - Blad1
purpos*	repurposed	1	1	w	agent - Blad1
purpose	purpose	163	1	w	agent - Blad1
goal	goal	2121	1	w	agent - Blad1
task	task	5168	2	w	agent - Blad1
policy	policy	4154	2	w	agent - Blad1
utility	utility	475	1	w	agent - Blad1
utility function	utility function	214	2	w	agent - Blad1
history	history	572	1	w	agent - Blad1
memor*	memory	4583	1	w	agent - Blad1
memor*	memory-less	4	1	w	agent - Blad1
memor*	memory-based	60	1	w	agent - Blad1
memor*	memorization	16	1	w	agent - Blad1
memor*	memorisation	3	1	w	agent - Blad1
memor*	memories	453	1	w	agent - Blad1
memor*	memorized	12	1	w	agent - Blad1
memor*	openai_memory	1	1	w	agent - Blad1
memor*	memory-augmented	32	1	w	agent - Blad1
memor*	memorymechanism	1	1	w	agent - Blad1
memor*	memorize	30	1	w	agent - Blad1
memor*	memory-critical	1	1	w	agent - Blad1
memor*	memorizing	12	1	w	agent - Blad1
memor*	two-memory	4	1	w	agent - Blad1
memor*	memorises	1	1	w	agent - Blad1
memor*	memory-efficient	4	1	w	agent - Blad1
memor*	long-short-term-memory	1	1	w	agent - Blad1
memor*	memory-interaction	1	1	w	agent - Blad1
memor*	memory-driven	1	1	w	agent - Blad1
memor*	processing-in-memory	9	1	w	agent - Blad1
memor*	memory-intensive	5	1	w	agent - Blad1
memor*	memory-bound	4	1	w	agent - Blad1
memor*	memory-bounded	3	1	w	agent - Blad1
memor*	in-memory	1	1	w	agent - Blad1
memor*	memory-boundedness	1	1	w	agent - Blad1
memor*	accelerator-in-memory	1	1	w	agent - Blad1
memor*	memory-centric	1	1	w	agent - Blad1
memor*	working-memory-efficient	1	1	w	agent - Blad1
memor*	memoryefficiency	1	1	w	agent - Blad1
memor*	dual-memory	5	1	w	agent - Blad1
memor*	update_memory	1	1	w	agent - Blad1
memor*	memorybank	7	1	w	agent - Blad1
memor*	memory-enhanced	2	1	w	agent - Blad1
memor*	memorization-retrieval-response	1	1	w	agent - Blad1
memor*	think-in-memory	2	1	w	agent - Blad1
memor*	memory-module	2	1	w	agent - Blad1
memor*	episodic-memory	2	1	w	agent - Blad1
memor*	updatememory	1	1	w	agent - Blad1
memor*	memoryless	12	1	w	agent - Blad1
memor*	memory-free	3	1	w	agent - Blad1
memor*	memory-changing	1	1	w	agent - Blad1
memor*	memory-four-rooms	1	1	w	agent - Blad1
memor*	memory-type-specific	1	1	w	agent - Blad1
memor*	layered-memory	1	1	w	agent - Blad1
memor*	meta-memory	1	1	w	agent - Blad1
memor*	meta-memories	1	1	w	agent - Blad1
memor*	memory-embedding	1	1	w	agent - Blad1
memor*	non-memory-engaging	1	1	w	agent - Blad1
memor*	objects-memory-only	1	1	w	agent - Blad1
memor*	memorable	3	1	w	agent - Blad1
memor*	memorising	1	1	w	agent - Blad1
memor*	memory-transfer	1	1	w	agent - Blad1
memor*	memory-guided	4	1	w	agent - Blad1
memor*	memory-dependent	1	1	w	agent - Blad1
memor*	learning-to-memorize	1	1	w	agent - Blad1
memor*	memory-like	1	1	w	agent - Blad1
memor*	memory-wise	1	1	w	agent - Blad1
memor*	self-memory	1	1	w	agent - Blad1
memor*	memorizes	3	1	w	agent - Blad1
memor*	place-memory	1	1	w	agent - Blad1
memor*	memorizer	4	1	w	agent - Blad1
memor*	memoryful	10	1	w	agent - Blad1
memor*	implanted-memory	1	1	w	agent - Blad1
memor*	memory-creator	1	1	w	agent - Blad1
memor*	trainedagentmemory	5	1	w	agent - Blad1
memor*	allzeromemory	2	1	w	agent - Blad1
memor*	untrainedagentmemory	4	1	w	agent - Blad1
memor*	memory-limited	1	1	w	agent - Blad1
memor*	compute-memory	1	1	w	agent - Blad1
memor*	short-term-memory	1	1	w	agent - Blad1
memor*	memory-augmentation	1	1	w	agent - Blad1
memor*	memory-incorporated	1	1	w	agent - Blad1
memor*	memory-demanding	2	1	w	agent - Blad1
memor*	sub-memory	1	1	w	agent - Blad1
memor*	memory-equipped	1	1	w	agent - Blad1
subject	subject	114	2	w	agent - Blad1
individual agent	individual agent	23	1	w	agent - Blad1
adapt*	adaptation	397	1	w	agent - Blad1
adapt*	adaptive	350	1	w	agent - Blad1
adapt*	adapting	127	1	w	agent - Blad1
adapt*	adaptive_grid_v	2	1	w	agent - Blad1
adapt*	adaptive_radial_grid_v	1	1	w	agent - Blad1
adapt*	adaptability	190	1	w	agent - Blad1
adapt*	adapted	85	1	w	agent - Blad1
adapt*	adapt	467	1	w	agent - Blad1
adapt*	adaptivity	7	1	w	agent - Blad1
adapt*	adaptively	64	1	w	agent - Blad1
adapt*	adapts	44	1	w	agent - Blad1
adapt*	self-adaptive	4	1	w	agent - Blad1
adapt*	adaption	11	1	w	agent - Blad1
adapt*	adaptions	2	1	w	agent - Blad1
adapt*	adaptable	56	1	w	agent - Blad1
adapt*	domain-adaptation	1	1	w	agent - Blad1
adapt*	adapters	59	1	w	agent - Blad1
adapt*	bayes-adaptive	2	1	w	agent - Blad1
adapt*	adapter	93	1	w	agent - Blad1
adapt*	self-adaptation	6	1	w	agent - Blad1
adapt*	selfadaptation	1	1	w	agent - Blad1
adapt*	self-adaption	1	1	w	agent - Blad1
adapt*	co-adaptation	4	1	w	agent - Blad1
adapt*	co-adapting	2	1	w	agent - Blad1
adapt*	maladapted	2	1	w	agent - Blad1
adapt*	maladaptation	1	1	w	agent - Blad1
adapt*	maladaptive	1	1	w	agent - Blad1
adapt*	diversity-adaptive	1	1	w	agent - Blad1
adapt*	andadaptability	1	1	w	agent - Blad1
adapt*	context-adaptive	1	1	w	agent - Blad1
adapt*	non-adaptive	3	1	w	agent - Blad1
adapt*	adaptations	10	1	w	agent - Blad1
adapt*	model-adaptive	1	1	w	agent - Blad1
adapt*	co-adapt	1	1	w	agent - Blad1
adapt*	planning-adaptive	9	1	w	agent - Blad1
adapt*	dqn-adaptive	7	1	w	agent - Blad1
adapt*	llama-adaptor	1	1	w	agent - Blad1
adapt*	adaptiveness	4	1	w	agent - Blad1
adapt*	non-adapt	1	1	w	agent - Blad1
adapt*	well-adapted	1	1	w	agent - Blad1
adapt*	adaptatio	1	1	w	agent - Blad1
adapt*	llama-adapter	3	1	w	agent - Blad1
adapt*	llama-adapter-v	1	1	w	agent - Blad1
adapt*	plan-then-adapt	3	1	w	agent - Blad1
adapt*	mode-adaptive	1	1	w	agent - Blad1
adapt*	canladapt	1	1	w	agent - Blad1
adapt*	self-adapting	1	1	w	agent - Blad1
adapt*	situation-adaptive	1	1	w	agent - Blad1
adapt*	size-adaptive	1	1	w	agent - Blad1
adapt*	readaptation	1	1	w	agent - Blad1
adapt*	non-adapted	1	1	w	agent - Blad1
adapt*	task-adaptation	1	1	w	agent - Blad1
adapt*	self-adapt	1	1	w	agent - Blad1
adapt*	scp-adapted	3	1	w	agent - Blad1
adapt*	meta-adaptation	1	1	w	agent - Blad1
adaptive	adaptive	350	1	w	agent - Blad1
change	change	824	2	w	agent - Blad1
influence	influence	245	2	w	agent - Blad1
alter	alter	39	2	w	agent - Blad1
flexible	flexible	158	2	w	agent - Blad1
repertoire	repertoire	35	1	w	agent - Blad1
behavior	behavior	1591	2	w	agent - Blad1
function	function	2831	2	w	agent - Blad1
ability	ability	1172	2	w	agent - Blad1
new goal	new goal	9	1	w	agent - Blad1
module*	module	1539	3	w	agent - Blad1
module*	modules	747	3	w	agent - Blad1
module*	module(s)	1	3	w	agent - Blad1
module*	textualizermodule	1	3	w	agent - Blad1
module*	submodule	15	3	w	agent - Blad1
module*	sub-module	3	3	w	agent - Blad1
module*	submodules	9	3	w	agent - Blad1
module*	sub-modules	7	3	w	agent - Blad1
module*	multimodule	1	3	w	agent - Blad1
module*	module-wise	1	3	w	agent - Blad1
module*	four-module	1	3	w	agent - Blad1
module*	memory-module	2	3	w	agent - Blad1
module*	module-based	1	3	w	agent - Blad1
module*	module-stacking	1	3	w	agent - Blad1
module*	hyper-actor-module	8	3	w	agent - Blad1
module*	dual-module	2	3	w	agent - Blad1
modu*	module	1539	3	w	agent - Blad1
modu*	modularized	16	3	w	agent - Blad1
modu*	modules	747	3	w	agent - Blad1
modu*	modulation	29	3	w	agent - Blad1
modu*	modular	207	3	w	agent - Blad1
modu*	module(s)	1	3	w	agent - Blad1
modu*	modulating	34	3	w	agent - Blad1
modu*	textualizermodule	1	3	w	agent - Blad1
modu*	submodule	15	3	w	agent - Blad1
modu*	sub-module	3	3	w	agent - Blad1
modu*	neuromodulation	4	3	w	agent - Blad1
modu*	submodules	9	3	w	agent - Blad1
modu*	modularity	54	3	w	agent - Blad1
modu*	sub-modules	7	3	w	agent - Blad1
modu*	modularised	2	3	w	agent - Blad1
modu*	modularisation	1	3	w	agent - Blad1
modu*	modulate	17	3	w	agent - Blad1
modu*	multimodule	1	3	w	agent - Blad1
modu*	modulated	22	3	w	agent - Blad1
modu*	neuromodulator	2	3	w	agent - Blad1
modu*	self-modulated	2	3	w	agent - Blad1
modu*	modulatory	13	3	w	agent - Blad1
modu*	neuromodulatory	3	3	w	agent - Blad1
modu*	modulates	7	3	w	agent - Blad1
modu*	modularization	14	3	w	agent - Blad1
modu*	non-modular	5	3	w	agent - Blad1
modu*	modulus	2	3	w	agent - Blad1
modu*	module-wise	1	3	w	agent - Blad1
modu*	modularize	8	3	w	agent - Blad1
modu*	modularly	2	3	w	agent - Blad1
modu*	four-module	1	3	w	agent - Blad1
modu*	modulo	3	3	w	agent - Blad1
modu*	memory-module	2	3	w	agent - Blad1
modu*	module-based	1	3	w	agent - Blad1
modu*	module-stacking	1	3	w	agent - Blad1
modu*	modularizing	1	3	w	agent - Blad1
modu*	hyper-actor-module	8	3	w	agent - Blad1
modu*	dual-module	2	3	w	agent - Blad1
modu*	highly-modularized	1	3	w	agent - Blad1
modu*	reward-modulated	11	3	w	agent - Blad1
modu*	modulations	1	3	w	agent - Blad1
modu*	neuromodulated	2	3	w	agent - Blad1
modu*	neuromodulators	3	3	w	agent - Blad1
modu*	modularizes	1	3	w	agent - Blad1
modu*	phase-modulation	1	3	w	agent - Blad1
modu*	gain-modulated	1	3	w	agent - Blad1
modu*	input-modulated	1	3	w	agent - Blad1
modu*	modular-based	1	3	w	agent - Blad1
modu*	modulation-based	1	3	w	agent - Blad1
modu*	uncertainty-modulated	4	3	w	agent - Blad1
modu*	neuro-modulation	3	3	w	agent - Blad1
